"","word","absolute.frequency","relative.frequency"
"1","langdon",1365,0.5
"2","katherin",762,0.279120879120879
"3","said",696,0.254945054945055
"4","now",555,0.203296703296703
"5","peter",553,0.202564102564103
"6","man",441,0.161538461538462
"7","look",437,0.16007326007326
"8","pyramid",415,0.152014652014652
"9","solomon",394,0.144322344322344
"10","one",389,0.142490842490842
"11","sato",389,0.142490842490842
"12","malÂ",359,0.131501831501832
"13","like",352,0.128937728937729
"14","akh",328,0.12014652014652
"15","eye",322,0.117948717948718
"16","mason",320,0.117216117216117
"17","back",316,0.115750915750916
"18","hand",310,0.113553113553114
"19","bellami",279,0.102197802197802
"20","know",276,0.101098901098901
"21","see",266,0.0974358974358974
"22","ancient",260,0.0952380952380952
"23","door",244,0.0893772893772894
"24","symbol",236,0.0864468864468864
"25","open",232,0.084981684981685
"26","just",232,0.084981684981685
"27","felt",231,0.0846153846153846
"28","will",227,0.0831501831501831
"29","room",226,0.0827838827838828
"30","call",225,0.0824175824175824
"31","even",217,0.0794871794871795
"32","secret",211,0.0772893772893773
"33","head",211,0.0772893772893773
"34","time",209,0.0765567765567766
"35","thought",207,0.0758241758241758
"36","word",207,0.0758241758241758
"37","power",205,0.0750915750915751
"38","light",203,0.0743589743589744
"39","turn",203,0.0743589743589744
"40","anderson",203,0.0743589743589744
"41","still",196,0.0717948717948718
"42","can",190,0.0695970695970696
"43","robert",186,0.0681318681318681
"44","dark",181,0.0663003663003663
"45","build",175,0.0641025641025641
"46","peterÂ",173,0.0633699633699634
"47","tell",172,0.063003663003663
"48","believ",170,0.0622710622710623
"49","voic",168,0.0615384615384615
"50","want",167,0.0611721611721612
"51","moment",167,0.0611721611721612
"52","brother",166,0.0608058608058608
"53","knew",165,0.0604395604395604
"54","world",162,0.0593406593406593
"55","langdonÂ",162,0.0593406593406593
"56","long",161,0.058974358974359
"57","way",161,0.058974358974359
"58","tonight",160,0.0586080586080586
"59","seem",160,0.0586080586080586
"60","toward",159,0.0582417582417582
"61","yet",157,0.0575091575091575
"62","god",156,0.0571428571428571
"63","someth",155,0.0567765567765568
"64","great",154,0.0564102564102564
"65","phone",153,0.056043956043956
"66","point",152,0.0556776556776557
"67","donÂ",151,0.0553113553113553
"68","face",149,0.0545787545787546
"69","around",148,0.0542124542124542
"70","stone",148,0.0542124542124542
"71","tri",148,0.0542124542124542
"72","told",147,0.0538461538461538
"73","stare",146,0.0534798534798535
"74","trish",146,0.0534798534798535
"75","right",142,0.052014652014652
"76","bodi",142,0.052014652014652
"77","move",140,0.0512820512820513
"78","mysteri",139,0.0509157509157509
"79","across",139,0.0509157509157509
"80","chapter",138,0.0505494505494506
"81","come",138,0.0505494505494506
"82","final",137,0.0501831501831502
"83","began",135,0.0494505494505494
"84","noth",133,0.0487179487179487
"85","year",131,0.047985347985348
"86","get",130,0.0476190476190476
"87","place",129,0.0472527472527473
"88","take",128,0.0468864468864469
"89","mind",128,0.0468864468864469
"90","sound",127,0.0465201465201465
"91","made",127,0.0465201465201465
"92","never",126,0.0461538461538462
"93","katherineÂ",126,0.0461538461538462
"94","ask",125,0.0457875457875458
"95","help",125,0.0457875457875458
"96","key",125,0.0457875457875458
"97","think",124,0.0454212454212454
"98","realiz",124,0.0454212454212454
"99","two",123,0.0450549450549451
"100","reach",123,0.0450549450549451
"101","feel",122,0.0446886446886447
"102","insid",122,0.0446886446886447
"103","use",122,0.0446886446886447
"104","first",121,0.0443223443223443
"105","capitol",121,0.0443223443223443
"106","find",121,0.0443223443223443
"107","found",120,0.043956043956044
"108","need",120,0.043956043956044
"109","agent",118,0.0432234432234432
"110","human",117,0.0428571428571429
"111","wall",117,0.0428571428571429
"112","within",116,0.0424908424908425
"113","read",116,0.0424908424908425
"114","say",115,0.0421245421245421
"115","secur",114,0.0417582417582418
"116","smile",113,0.0413919413919414
"117","sudden",113,0.0413919413919414
"118","simkin",113,0.0413919413919414
"119","guard",112,0.041025641025641
"120","squar",112,0.041025641025641
"121","step",112,0.041025641025641
"122","make",112,0.041025641025641
"123","direct",110,0.0402930402930403
"124","old",110,0.0402930402930403
"125","solomonÂ",109,0.0399267399267399
"126","saw",109,0.0399267399267399
"127","pull",109,0.0399267399267399
"128","lost",107,0.0391941391941392
"129","side",106,0.0388278388278388
"130","behind",105,0.0384615384615385
"131","floor",105,0.0384615384615385
"132","close",104,0.0380952380952381
"133","new",102,0.0373626373626374
"134","exact",102,0.0373626373626374
"135","hidden",101,0.036996336996337
"136","took",101,0.036996336996337
"137","stop",100,0.0366300366300366
"138","capston",100,0.0366300366300366
"139","beneath",99,0.0362637362637363
"140","number",99,0.0362637362637363
"141","heard",99,0.0362637362637363
"142","work",98,0.0358974358974359
"143","mystic",98,0.0358974358974359
"144","tattoo",98,0.0358974358974359
"145","small",98,0.0358974358974359
"146","idea",98,0.0358974358974359
"147","mean",97,0.0355311355311355
"148","locat",97,0.0355311355311355
"149","glanc",96,0.0351648351648352
"150","mani",95,0.0347985347985348
"151","washington",95,0.0347985347985348
"152","well",95,0.0347985347985348
"153","breath",95,0.0347985347985348
"154","manÂ",94,0.0344322344322344
"155","clear",94,0.0344322344322344
"156","left",93,0.0340659340659341
"157","black",93,0.0340659340659341
"158","true",93,0.0340659340659341
"159","transform",93,0.0340659340659341
"160","everi",92,0.0336996336996337
"161","almost",91,0.0333333333333333
"162","night",90,0.032967032967033
"163","wait",90,0.032967032967033
"164","let",89,0.0326007326007326
"165","hope",88,0.0322344322344322
"166","away",87,0.0318681318681319
"167","whisper",87,0.0318681318681319
"168","alway",86,0.0315018315018315
"169","ever",86,0.0315018315018315
"170","window",86,0.0315018315018315
"171","entir",86,0.0315018315018315
"172","xth",85,0.0311355311355311
"173","front",85,0.0311355311355311
"174","templ",84,0.0307692307692308
"175","last",83,0.0304029304029304
"176","day",83,0.0304029304029304
"177","finger",83,0.0304029304029304
"178","order",83,0.0304029304029304
"179","scienc",82,0.03003663003663
"180","men",82,0.03003663003663
"181","air",82,0.03003663003663
"182","name",82,0.03003663003663
"183","appar",82,0.03003663003663
"184","repli",82,0.03003663003663
"185","feet",81,0.0296703296703297
"186","space",81,0.0296703296703297
"187","far",81,0.0296703296703297
"188","thing",81,0.0296703296703297
"189","understand",81,0.0296703296703297
"190","run",81,0.0296703296703297
"191","follow",80,0.0293040293040293
"192","appear",80,0.0293040293040293
"193","becom",79,0.0289377289377289
"194","cia",79,0.0289377289377289
"195","gaze",79,0.0289377289377289
"196","shout",79,0.0289377289377289
"197","sure",79,0.0289377289377289
"198","text",78,0.0285714285714286
"199","hold",78,0.0285714285714286
"200","nola",78,0.0285714285714286
"201","professor",77,0.0282051282051282
"202","kind",77,0.0282051282051282
"203","pod",77,0.0282051282051282
"204","stood",77,0.0282051282051282
"205","hous",76,0.0278388278388278
"206","howev",76,0.0278388278388278
"207","life",76,0.0278388278388278
"208","much",76,0.0278388278388278
"209","watch",76,0.0278388278388278
"210","ago",76,0.0278388278388278
"211","wisdom",76,0.0278388278388278
"212","end",75,0.0274725274725275
"213","reveal",74,0.0271062271062271
"214","box",74,0.0271062271062271
"215","sens",73,0.0267399267399267
"216","give",73,0.0267399267399267
"217","got",73,0.0267399267399267
"218","second",73,0.0267399267399267
"219","hard",73,0.0267399267399267
"220","arm",73,0.0267399267399267
"221","hide",73,0.0267399267399267
"222","search",73,0.0267399267399267
"223","three",72,0.0263736263736264
"224","bag",72,0.0263736263736264
"225","nod",71,0.026007326007326
"226","seen",71,0.026007326007326
"227","didnÂ",71,0.026007326007326
"228","director",70,0.0256410256410256
"229","keep",70,0.0256410256410256
"230","cell",70,0.0256410256410256
"231","legend",69,0.0252747252747253
"232","talk",69,0.0252747252747253
"233","franklin",69,0.0252747252747253
"234","zachari",69,0.0252747252747253
"235","came",68,0.0249084249084249
"236","quick",68,0.0249084249084249
"237","answer",68,0.0249084249084249
"238","ring",68,0.0249084249084249
"239","arriv",68,0.0249084249084249
"240","paus",68,0.0249084249084249
"241","pain",68,0.0249084249084249
"242","might",68,0.0249084249084249
"243","messag",68,0.0249084249084249
"244","anyth",68,0.0249084249084249
"245","imagin",68,0.0249084249084249
"246","tini",68,0.0249084249084249
"247","offic",67,0.0245421245421245
"248","demand",67,0.0245421245421245
"249","hear",67,0.0245421245421245
"250","walk",67,0.0245421245421245
"251","inform",67,0.0245421245421245
"252","sever",67,0.0245421245421245
"253","grid",67,0.0245421245421245
"254","wonder",66,0.0241758241758242
"255","bare",66,0.0241758241758242
"256","actual",66,0.0241758241758242
"257","canÂ",65,0.0238095238095238
"258","line",65,0.0238095238095238
"259","studi",65,0.0238095238095238
"260","desk",65,0.0238095238095238
"261","cours",64,0.0234432234432234
"262","without",64,0.0234432234432234
"263","heavi",64,0.0234432234432234
"264","center",64,0.0234432234432234
"265","everyth",64,0.0234432234432234
"266","gave",64,0.0234432234432234
"267","care",64,0.0234432234432234
"268","alreadi",64,0.0234432234432234
"269","strang",64,0.0234432234432234
"270","must",64,0.0234432234432234
"271","deep",63,0.0230769230769231
"272","dead",63,0.0230769230769231
"273","stand",63,0.0230769230769231
"274","instant",63,0.0230769230769231
"275","water",63,0.0230769230769231
"276","ran",63,0.0230769230769231
"277","although",63,0.0230769230769231
"278","piec",63,0.0230769230769231
"279","earth",63,0.0230769230769231
"280","held",62,0.0227106227106227
"281","shoulder",62,0.0227106227106227
"282","staircas",62,0.0227106227106227
"283","imag",62,0.0227106227106227
"284","deciph",62,0.0227106227106227
"285","rais",61,0.0223443223443223
"286","set",61,0.0223443223443223
"287","good",61,0.0223443223443223
"288","possibl",61,0.0223443223443223
"289","pyramidÂ",61,0.0223443223443223
"290","thank",60,0.021978021978022
"291","learn",60,0.021978021978022
"292","book",59,0.0216117216117216
"293","contain",59,0.0216117216117216
"294","besid",59,0.0216117216117216
"295","went",59,0.0216117216117216
"296","someon",59,0.0216117216117216
"297","galloway",59,0.0216117216117216
"298","offer",58,0.0212454212454212
"299","histori",58,0.0212454212454212
"300","littl",58,0.0212454212454212
"301","top",58,0.0212454212454212
"302","minut",58,0.0212454212454212
"303","letter",58,0.0212454212454212
"304","nation",58,0.0212454212454212
"305","speak",58,0.0212454212454212
"306","continu",58,0.0212454212454212
"307","silenc",58,0.0212454212454212
"308","andro",58,0.0212454212454212
"309","also",57,0.0208791208791209
"310","remain",57,0.0208791208791209
"311","complet",57,0.0208791208791209
"312","cold",57,0.0208791208791209
"313","anoth",57,0.0208791208791209
"314","engrav",57,0.0208791208791209
"315","massiv",56,0.0205128205128205
"316","motion",56,0.0205128205128205
"317","enough",56,0.0205128205128205
"318","maÂ",56,0.0205128205128205
"319","surpris",55,0.0201465201465201
"320","differ",55,0.0201465201465201
"321","magic",55,0.0201465201465201
"322","lab",55,0.0201465201465201
"323","live",54,0.0197802197802198
"324","outsid",54,0.0197802197802198
"325","truth",54,0.0197802197802198
"326","seal",54,0.0197802197802198
"327","alon",54,0.0197802197802198
"328","consid",54,0.0197802197802198
"329","access",54,0.0197802197802198
"330","forc",54,0.0197802197802198
"331","map",54,0.0197802197802198
"332","initi",53,0.0194139194139194
"333","hall",53,0.0194139194139194
"334","lay",53,0.0194139194139194
"335","happen",53,0.0194139194139194
"336","blood",53,0.0194139194139194
"337","corner",53,0.0194139194139194
"338","creat",53,0.0194139194139194
"339","white",52,0.019047619047619
"340","press",52,0.019047619047619
"341","play",52,0.019047619047619
"342","chang",52,0.019047619047619
"343","circl",52,0.019047619047619
"344","chamber",51,0.0186813186813187
"345","hurri",51,0.0186813186813187
"346","physic",51,0.0186813186813187
"347","familiar",51,0.0186813186813187
"348","glass",51,0.0186813186813187
"349","nunez",51,0.0186813186813187
"350","abaddon",51,0.0186813186813187
"351","dean",51,0.0186813186813187
"352","perfect",50,0.0183150183150183
"353","degre",50,0.0183150183150183
"354","heart",50,0.0183150183150183
"355","car",50,0.0183150183150183
"356","prepar",50,0.0183150183150183
"357","peopl",50,0.0183150183150183
"358","enter",50,0.0183150183150183
"359","inch",50,0.0183150183150183
"360","satoÂ",50,0.0183150183150183
"361","exist",49,0.0179487179487179
"362","chest",49,0.0179487179487179
"363","mouth",49,0.0179487179487179
"364","show",49,0.0179487179487179
"365","ten",49,0.0179487179487179
"366","start",49,0.0179487179487179
"367","liquid",49,0.0179487179487179
"368","death",48,0.0175824175824176
"369","illumin",48,0.0175824175824176
"370","heaven",48,0.0175824175824176
"371","quiet",48,0.0175824175824176
"372","near",48,0.0175824175824176
"373","privat",48,0.0175824175824176
"374","onto",48,0.0175824175824176
"375","home",48,0.0175824175824176
"376","tabl",48,0.0175824175824176
"377","metal",48,0.0175824175824176
"378","librari",47,0.0172161172161172
"379","probabl",47,0.0172161172161172
"380","chair",47,0.0172161172161172
"381","base",47,0.0172161172161172
"382","check",47,0.0172161172161172
"383","reason",47,0.0172161172161172
"384","larg",47,0.0172161172161172
"385","code",47,0.0172161172161172
"386","packag",47,0.0172161172161172
"387","bellamyÂ",47,0.0172161172161172
"388","startl",46,0.0168498168498168
"389","lie",46,0.0168498168498168
"390","may",46,0.0168498168498168
"391","sat",46,0.0168498168498168
"392","sacr",46,0.0168498168498168
"393","modern",46,0.0168498168498168
"394","later",46,0.0168498168498168
"395","kept",46,0.0168498168498168
"396","recal",46,0.0168498168498168
"397","hell",46,0.0168498168498168
"398","question",46,0.0168498168498168
"399","bibl",46,0.0168498168498168
"400","sbb",46,0.0168498168498168
"401","share",45,0.0164835164835165
"402","document",45,0.0164835164835165
"403","fill",45,0.0164835164835165
"404","spoke",45,0.0164835164835165
"405","closer",45,0.0164835164835165
"406","father",45,0.0164835164835165
"407","famili",45,0.0164835164835165
"408","put",45,0.0164835164835165
"409","listen",45,0.0164835164835165
"410","along",45,0.0164835164835165
"411","earlier",45,0.0164835164835165
"412","immedi",45,0.0164835164835165
"413","high",45,0.0164835164835165
"414","full",44,0.0161172161172161
"415","seat",44,0.0161172161172161
"416","glow",44,0.0161172161172161
"417","figur",44,0.0161172161172161
"418","carri",44,0.0161172161172161
"419","field",44,0.0161172161172161
"420","anyon",44,0.0161172161172161
"421","obvious",44,0.0161172161172161
"422","done",44,0.0161172161172161
"423","chief",44,0.0161172161172161
"424","warren",44,0.0161172161172161
"425","portal",43,0.0157509157509158
"426","fear",43,0.0157509157509158
"427","ear",43,0.0157509157509158
"428","lift",43,0.0157509157509158
"429","realli",43,0.0157509157509158
"430","corridor",43,0.0157509157509158
"431","receiv",43,0.0157509157509158
"432","certain",43,0.0157509157509158
"433","return",43,0.0157509157509158
"434","pleas",43,0.0157509157509158
"435","eight",43,0.0157509157509158
"436","longer",43,0.0157509157509158
"437","team",43,0.0157509157509158
"438","age",42,0.0153846153846154
"439","buri",42,0.0153846153846154
"440","lock",42,0.0153846153846154
"441","street",42,0.0153846153846154
"442","silent",42,0.0153846153846154
"443","lower",42,0.0153846153846154
"444","next",42,0.0153846153846154
"445","bottom",42,0.0153846153846154
"446","hour",42,0.0153846153846154
"447","flesh",42,0.0153846153846154
"448","explain",42,0.0153846153846154
"449","nowÂ",42,0.0153846153846154
"450","die",41,0.015018315018315
"451","sit",41,0.015018315018315
"452","leav",41,0.015018315018315
"453","past",41,0.015018315018315
"454","slowli",41,0.015018315018315
"455","pocket",41,0.015018315018315
"456","peer",41,0.015018315018315
"457","architect",41,0.015018315018315
"458","fact",40,0.0146520146520147
"459","begin",40,0.0146520146520147
"460","tradit",40,0.0146520146520147
"461","collect",40,0.0146520146520147
"462","woman",40,0.0146520146520147
"463","sorri",40,0.0146520146520147
"464","bring",40,0.0146520146520147
"465","shook",40,0.0146520146520147
"466","kill",40,0.0146520146520147
"467","beyond",40,0.0146520146520147
"468","rotunda",40,0.0146520146520147
"469","paper",40,0.0146520146520147
"470","knife",40,0.0146520146520147
"471","friend",39,0.0142857142857143
"472","warn",39,0.0142857142857143
"473","cover",39,0.0142857142857143
"474","short",39,0.0142857142857143
"475","mayb",39,0.0142857142857143
"476","five",39,0.0142857142857143
"477","promis",39,0.0142857142857143
"478","treasur",39,0.0142857142857143
"479","imposs",39,0.0142857142857143
"480","cross",39,0.0142857142857143
"481","video",39,0.0142857142857143
"482","helicopt",39,0.0142857142857143
"483","touch",38,0.0139194139194139
"484","today",38,0.0139194139194139
"485","altar",38,0.0139194139194139
"486","brotherÂ",38,0.0139194139194139
"487","gone",38,0.0139194139194139
"488","son",38,0.0139194139194139
"489","park",38,0.0139194139194139
"490","trust",38,0.0139194139194139
"491","matter",38,0.0139194139194139
"492","memori",38,0.0139194139194139
"493","univers",38,0.0139194139194139
"494","forward",38,0.0139194139194139
"495","push",38,0.0139194139194139
"496","hallway",38,0.0139194139194139
"497","simpl",38,0.0139194139194139
"498","blind",38,0.0139194139194139
"499","godÂ",38,0.0139194139194139
"500","knowledg",37,0.0135531135531136
"501","real",37,0.0135531135531136
"502","famous",37,0.0135531135531136
"503","pass",37,0.0135531135531136
"504","okay",37,0.0135531135531136
"505","earli",37,0.0135531135531136
"506","protect",37,0.0135531135531136
"507","stori",37,0.0135531135531136
"508","includ",36,0.0131868131868132
"509","remind",36,0.0131868131868132
"510","soon",36,0.0131868131868132
"511","unexpect",36,0.0131868131868132
"512","young",36,0.0131868131868132
"513","calm",36,0.0131868131868132
"514","quit",36,0.0131868131868132
"515","known",36,0.0131868131868132
"516","address",36,0.0131868131868132
"517","whatev",36,0.0131868131868132
"518","basement",36,0.0131868131868132
"519","sign",36,0.0131868131868132
"520","system",36,0.0131868131868132
"521","rather",36,0.0131868131868132
"522","total",36,0.0131868131868132
"523","unlock",36,0.0131868131868132
"524","flash",36,0.0131868131868132
"525","understood",36,0.0131868131868132
"526","fire",36,0.0131868131868132
"527","prison",36,0.0131868131868132
"528","safe",35,0.0128205128205128
"529","hung",35,0.0128205128205128
"530","enorm",35,0.0128205128205128
"531","pound",35,0.0128205128205128
"532","claim",35,0.0128205128205128
"533","sacrific",35,0.0128205128205128
"534","singl",35,0.0128205128205128
"535","surfac",35,0.0128205128205128
"536","tone",35,0.0128205128205128
"537","send",35,0.0128205128205128
"538","guy",35,0.0128205128205128
"539","rememb",35,0.0128205128205128
"540","experi",35,0.0128205128205128
"541","state",35,0.0128205128205128
"542","suggest",35,0.0128205128205128
"543","tank",35,0.0128205128205128
"544","less",34,0.0124542124542125
"545","taken",34,0.0124542124542125
"546","tip",34,0.0124542124542125
"547","expect",34,0.0124542124542125
"548","buildingÂ",34,0.0124542124542125
"549","okayÂ",34,0.0124542124542125
"550","wide",34,0.0124542124542125
"551","stair",34,0.0124542124542125
"552","miss",34,0.0124542124542125
"553","enlighten",34,0.0124542124542125
"554","recogn",33,0.0120879120879121
"555","empti",33,0.0120879120879121
"556","disappear",33,0.0120879120879121
"557","rose",33,0.0120879120879121
"558","person",33,0.0120879120879121
"559","gold",33,0.0120879120879121
"560","screen",33,0.0120879120879121
"561","page",32,0.0117216117216117
"562","entranc",32,0.0117216117216117
"563","ceil",32,0.0117216117216117
"564","given",32,0.0117216117216117
"565","echo",32,0.0117216117216117
"566","descend",32,0.0117216117216117
"567","laugh",32,0.0117216117216117
"568","chuckl",32,0.0117216117216117
"569","akhÂ",32,0.0117216117216117
"570","attempt",32,0.0117216117216117
"571","robertÂ",32,0.0117216117216117
"572","part",32,0.0117216117216117
"573","fell",32,0.0117216117216117
"574","radio",32,0.0117216117216117
"575","save",32,0.0117216117216117
"576","languag",32,0.0117216117216117
"577","noetic",31,0.0113553113553114
"578","ritual",31,0.0113553113553114
"579","neck",31,0.0113553113553114
"580","lectur",31,0.0113553113553114
"581","beam",31,0.0113553113553114
"582","americaÂ",31,0.0113553113553114
"583","card",31,0.0113553113553114
"584","object",31,0.0113553113553114
"585","remov",31,0.0113553113553114
"586","lot",31,0.0113553113553114
"587","yesÂ",31,0.0113553113553114
"588","art",31,0.0113553113553114
"589","materi",31,0.0113553113553114
"590","race",31,0.0113553113553114
"591","connect",31,0.0113553113553114
"592","nobodi",31,0.0113553113553114
"593","scientif",31,0.0113553113553114
"594","mother",31,0.0113553113553114
"595","intent",31,0.0113553113553114
"596","chao",31,0.0113553113553114
"597","assist",30,0.010989010989011
"598","hundr",30,0.010989010989011
"599","hair",30,0.010989010989011
"600","serious",30,0.010989010989011
"601","drive",30,0.010989010989011
"602","lead",30,0.010989010989011
"603","better",30,0.010989010989011
"604","shock",30,0.010989010989011
"605","impress",30,0.010989010989011
"606","somehow",30,0.010989010989011
"607","specif",30,0.010989010989011
"608","break",30,0.010989010989011
"609","cathedr",30,0.010989010989011
"610","refer",29,0.0106227106227106
"611","palm",29,0.0106227106227106
"612","led",29,0.0106227106227106
"613","holi",29,0.0106227106227106
"614","lit",29,0.0106227106227106
"615","burn",29,0.0106227106227106
"616","four",29,0.0106227106227106
"617","drew",29,0.0106227106227106
"618","despit",29,0.0106227106227106
"619","sirÂ",29,0.0106227106227106
"620","surround",29,0.0106227106227106
"621","display",29,0.0106227106227106
"622","posit",29,0.0106227106227106
"623","whose",29,0.0106227106227106
"624","describ",29,0.0106227106227106
"625","visitor",29,0.0106227106227106
"626","grab",29,0.0106227106227106
"627","laid",29,0.0106227106227106
"628","simpli",29,0.0106227106227106
"629","scan",29,0.0106227106227106
"630","process",29,0.0106227106227106
"631","research",29,0.0106227106227106
"632","import",29,0.0106227106227106
"633","liter",29,0.0106227106227106
"634","smell",29,0.0106227106227106
"635","sinc",28,0.0102564102564103
"636","skull",28,0.0102564102564103
"637","wit",28,0.0102564102564103
"638","lung",28,0.0102564102564103
"639","leather",28,0.0102564102564103
"640","professorÂ",28,0.0102564102564103
"641","discuss",28,0.0102564102564103
"642","photo",28,0.0102564102564103
"643","fast",28,0.0102564102564103
"644","unveil",28,0.0102564102564103
"645","utter",28,0.0102564102564103
"646","loud",28,0.0102564102564103
"647","eleg",28,0.0102564102564103
"648","though",28,0.0102564102564103
"649","els",28,0.0102564102564103
"650","rightÂ",28,0.0102564102564103
"651","student",28,0.0102564102564103
"652","wooden",28,0.0102564102564103
"653","giant",28,0.0102564102564103
"654","spiritu",28,0.0102564102564103
"655","hit",28,0.0102564102564103
"656","laptop",28,0.0102564102564103
"657","soul",28,0.0102564102564103
"658","omar",28,0.0102564102564103
"659","written",27,0.00989010989010989
"660","monument",27,0.00989010989010989
"661","master",27,0.00989010989010989
"662","soft",27,0.00989010989010989
"663","wind",27,0.00989010989010989
"664","mark",27,0.00989010989010989
"665","ahead",27,0.00989010989010989
"666","approach",27,0.00989010989010989
"667","write",27,0.00989010989010989
"668","cloth",27,0.00989010989010989
"669","event",27,0.00989010989010989
"670","form",27,0.00989010989010989
"671","smooth",27,0.00989010989010989
"672","shone",27,0.00989010989010989
"673","morn",27,0.00989010989010989
"674","wrong",27,0.00989010989010989
"675","deepli",27,0.00989010989010989
"676","repres",27,0.00989010989010989
"677","often",27,0.00989010989010989
"678","puzzl",27,0.00989010989010989
"679","confus",27,0.00989010989010989
"680","mankind",27,0.00989010989010989
"681","shadow",27,0.00989010989010989
"682","shot",27,0.00989010989010989
"683","paint",27,0.00989010989010989
"684","news",27,0.00989010989010989
"685","file",27,0.00989010989010989
"686","wordÂ",27,0.00989010989010989
"687","underground",26,0.00952380952380952
"688","leg",26,0.00952380952380952
"689","origin",26,0.00952380952380952
"690","love",26,0.00952380952380952
"691","similar",26,0.00952380952380952
"692","lip",26,0.00952380952380952
"693","grow",26,0.00952380952380952
"694","control",26,0.00952380952380952
"695","tunnel",26,0.00952380952380952
"696","terrifi",26,0.00952380952380952
"697","void",26,0.00952380952380952
"698","worldÂ",26,0.00952380952380952
"699","sir",26,0.00952380952380952
"700","atop",26,0.00952380952380952
"701","train",26,0.00952380952380952
"702","slip",26,0.00952380952380952
"703","everyon",26,0.00952380952380952
"704","bore",26,0.00952380952380952
"705","spot",26,0.00952380952380952
"706","museum",26,0.00952380952380952
"707","potenti",26,0.00952380952380952
"708","built",26,0.00952380952380952
"709","bit",26,0.00952380952380952
"710","christian",26,0.00952380952380952
"711","thousand",26,0.00952380952380952
"712","money",26,0.00952380952380952
"713","rest",26,0.00952380952380952
"714","flashlight",26,0.00952380952380952
"715","result",26,0.00952380952380952
"716","forgotten",26,0.00952380952380952
"717","jump",26,0.00952380952380952
"718","abl",26,0.00952380952380952
"719","main",25,0.00915750915750916
"720","climb",25,0.00915750915750916
"721","throat",25,0.00915750915750916
"722","admit",25,0.00915750915750916
"723","boy",25,0.00915750915750916
"724","narrow",25,0.00915750915750916
"725","daybag",25,0.00915750915750916
"726","citi",25,0.00915750915750916
"727","somewher",25,0.00915750915750916
"728","hesit",25,0.00915750915750916
"729","group",25,0.00915750915750916
"730","sigh",25,0.00915750915750916
"731","oneÂ",25,0.00915750915750916
"732","practic",25,0.00915750915750916
"733","skin",25,0.00915750915750916
"734","finish",25,0.00915750915750916
"735","cornerston",25,0.00915750915750916
"736","notic",25,0.00915750915750916
"737","tonightÂ",25,0.00915750915750916
"738","danger",25,0.00915750915750916
"739","advanc",25,0.00915750915750916
"740","dash",25,0.00915750915750916
"741","shape",25,0.00915750915750916
"742","pictur",25,0.00915750915750916
"743","unfortun",25,0.00915750915750916
"744","golden",25,0.00915750915750916
"745","comput",25,0.00915750915750916
"746","height",25,0.00915750915750916
"747","grasp",25,0.00915750915750916
"748","aliv",25,0.00915750915750916
"749","mass",25,0.00915750915750916
"750","accept",25,0.00915750915750916
"751","inde",25,0.00915750915750916
"752","block",24,0.00879120879120879
"753","precis",24,0.00879120879120879
"754","american",24,0.00879120879120879
"755","reflect",24,0.00879120879120879
"756","stay",24,0.00879120879120879
"757","view",24,0.00879120879120879
"758","slid",24,0.00879120879120879
"759","scientist",24,0.00879120879120879
"760","gather",24,0.00879120879120879
"761","religion",24,0.00879120879120879
"762","six",24,0.00879120879120879
"763","guest",24,0.00879120879120879
"764","fade",24,0.00879120879120879
"765","wrap",24,0.00879120879120879
"766","ascend",24,0.00879120879120879
"767","accord",24,0.00879120879120879
"768","greek",24,0.00879120879120879
"769","concern",24,0.00879120879120879
"770","design",24,0.00879120879120879
"771","fingertip",24,0.00879120879120879
"772","star",24,0.00879120879120879
"773","technolog",24,0.00879120879120879
"774","correct",24,0.00879120879120879
"775","jesus",24,0.00879120879120879
"776","except",24,0.00879120879120879
"777","couldnÂ",24,0.00879120879120879
"778","yes",24,0.00879120879120879
"779","puls",24,0.00879120879120879
"780","examin",24,0.00879120879120879
"781","whether",24,0.00879120879120879
"782","camera",24,0.00879120879120879
"783","ignor",24,0.00879120879120879
"784","trishÂ",24,0.00879120879120879
"785","urg",24,0.00879120879120879
"786","shine",24,0.00879120879120879
"787","other",23,0.00842490842490842
"788","centuri",23,0.00842490842490842
"789","invit",23,0.00842490842490842
"790","straight",23,0.00842490842490842
"791","foot",23,0.00842490842490842
"792","requir",23,0.00842490842490842
"793","gun",23,0.00842490842490842
"794","endur",23,0.00842490842490842
"795","distanc",23,0.00842490842490842
"796","area",23,0.00842490842490842
"797","possess",23,0.00842490842490842
"798","exit",23,0.00842490842490842
"799","forefath",23,0.00842490842490842
"800","desert",23,0.00842490842490842
"801","contact",23,0.00842490842490842
"802","choic",23,0.00842490842490842
"803","provid",23,0.00842490842490842
"804","usÂ",23,0.00842490842490842
"805","perhap",23,0.00842490842490842
"806","doubt",23,0.00842490842490842
"807","middl",23,0.00842490842490842
"808","natur",23,0.00842490842490842
"809","scream",23,0.00842490842490842
"810","unusu",23,0.00842490842490842
"811","edg",23,0.00842490842490842
"812","cube",23,0.00842490842490842
"813","polic",23,0.00842490842490842
"814","wheel",23,0.00842490842490842
"815","becam",23,0.00842490842490842
"816","level",23,0.00842490842490842
"817","wrote",23,0.00842490842490842
"818","mention",23,0.00842490842490842
"819","request",23,0.00842490842490842
"820","kalorama",23,0.00842490842490842
"821","lawn",23,0.00842490842490842
"822","squareÂ",23,0.00842490842490842
"823","plaza",23,0.00842490842490842
"824","smsc",22,0.00805860805860806
"825","roll",22,0.00805860805860806
"826","seri",22,0.00805860805860806
"827","late",22,0.00805860805860806
"828","gray",22,0.00805860805860806
"829","rise",22,0.00805860805860806
"830","vast",22,0.00805860805860806
"831","usual",22,0.00805860805860806
"832","seven",22,0.00805860805860806
"833","potent",22,0.00805860805860806
"834","incred",22,0.00805860805860806
"835","dome",22,0.00805860805860806
"836","thirtythird",22,0.00805860805860806
"837","serv",22,0.00805860805860806
"838","unabl",22,0.00805860805860806
"839","carv",22,0.00805860805860806
"840","game",22,0.00805860805860806
"841","truli",22,0.00805860805860806
"842","effect",22,0.00805860805860806
"843","machin",22,0.00805860805860806
"844","rush",22,0.00805860805860806
"845","faith",22,0.00805860805860806
"846","roomÂ",22,0.00805860805860806
"847","fulli",22,0.00805860805860806
"848","interest",22,0.00805860805860806
"849","backward",22,0.00805860805860806
"850","blue",22,0.00805860805860806
"851","plexigla",22,0.00805860805860806
"852","flame",22,0.00805860805860806
"853","apotheosi",22,0.00805860805860806
"854","disbelief",22,0.00805860805860806
"855","blade",22,0.00805860805860806
"856","phrase",21,0.00769230769230769
"857","overhead",21,0.00769230769230769
"858","drop",21,0.00769230769230769
"859","lean",21,0.00769230769230769
"860","warm",21,0.00769230769230769
"861","road",21,0.00769230769230769
"862","doesnÂ",21,0.00769230769230769
"863","either",21,0.00769230769230769
"864","lone",21,0.00769230769230769
"865","strain",21,0.00769230769230769
"866","gentl",21,0.00769230769230769
"867","meet",21,0.00769230769230769
"868","smithsonian",21,0.00769230769230769
"869","sister",21,0.00769230769230769
"870","desper",21,0.00769230769230769
"871","ice",21,0.00769230769230769
"872","case",21,0.00769230769230769
"873","foyer",21,0.00769230769230769
"874","iron",21,0.00769230769230769
"875","murder",21,0.00769230769230769
"876","depict",21,0.00769230769230769
"877","doorway",21,0.00769230769230769
"878","sight",21,0.00769230769230769
"879","guid",21,0.00769230769230769
"880","type",21,0.00769230769230769
"881","spun",21,0.00769230769230769
"882","bright",21,0.00769230769230769
"883","rear",21,0.00769230769230769
"884","myth",21,0.00769230769230769
"885","flip",21,0.00769230769230769
"886","amaz",21,0.00769230769230769
"887","handl",21,0.00769230769230769
"888","faint",21,0.00769230769230769
"889","rosicrucian",21,0.00769230769230769
"890","express",20,0.00732600732600733
"891","extend",20,0.00732600732600733
"892","journey",20,0.00732600732600733
"893","support",20,0.00732600732600733
"894","fall",20,0.00732600732600733
"895","attent",20,0.00732600732600733
"896","join",20,0.00732600732600733
"897","shift",20,0.00732600732600733
"898","brotherhood",20,0.00732600732600733
"899","wild",20,0.00732600732600733
"900","struggl",20,0.00732600732600733
"901","wave",20,0.00732600732600733
"902","shave",20,0.00732600732600733
"903","strode",20,0.00732600732600733
"904","eeri",20,0.00732600732600733
"905","hover",20,0.00732600732600733
"906","anticip",20,0.00732600732600733
"907","best",20,0.00732600732600733
"908","job",20,0.00732600732600733
"909","slow",20,0.00732600732600733
"910","conveyor",20,0.00732600732600733
"911","freedom",20,0.00732600732600733
"912","thirteen",20,0.00732600732600733
"913","odd",20,0.00732600732600733
"914","brought",20,0.00732600732600733
"915","entrust",20,0.00732600732600733
"916","perform",20,0.00732600732600733
"917","heat",20,0.00732600732600733
"918","command",20,0.00732600732600733
"919","crouch",20,0.00732600732600733
"920","tall",20,0.00732600732600733
"921","togeth",20,0.00732600732600733
"922","heav",20,0.00732600732600733
"923","focus",20,0.00732600732600733
"924","conscious",20,0.00732600732600733
"925","sent",20,0.00732600732600733
"926","list",20,0.00732600732600733
"927","least",20,0.00732600732600733
"928","historyÂ",20,0.00732600732600733
"929","pick",20,0.00732600732600733
"930","captor",20,0.00732600732600733
"931","thirtythre",20,0.00732600732600733
"932","precious",20,0.00732600732600733
"933","verbum",20,0.00732600732600733
"934","addit",19,0.00695970695970696
"935","colleg",19,0.00695970695970696
"936","invis",19,0.00695970695970696
"937","begun",19,0.00695970695970696
"938","bronz",19,0.00695970695970696
"939","king",19,0.00695970695970696
"940","dim",19,0.00695970695970696
"941","timeÂ",19,0.00695970695970696
"942","icon",19,0.00695970695970696
"943","steel",19,0.00695970695970696
"944","tower",19,0.00695970695970696
"945","suspect",19,0.00695970695970696
"946","mile",19,0.00695970695970696
"947","passag",19,0.00695970695970696
"948","vision",19,0.00695970695970696
"949","red",19,0.00695970695970696
"950","absolut",19,0.00695970695970696
"951","coat",19,0.00695970695970696
"952","role",19,0.00695970695970696
"953","xray",19,0.00695970695970696
"954","row",19,0.00695970695970696
"955","assum",19,0.00695970695970696
"956","thingÂ",19,0.00695970695970696
"957","prefer",19,0.00695970695970696
"958","shrug",19,0.00695970695970696
"959","freemasonri",19,0.00695970695970696
"960","escap",19,0.00695970695970696
"961","instead",19,0.00695970695970696
"962","labÂ",19,0.00695970695970696
"963","threshold",19,0.00695970695970696
"964","energi",19,0.00695970695970696
"965","generat",19,0.00695970695970696
"966","predict",19,0.00695970695970696
"967","blank",19,0.00695970695970696
"968","grew",19,0.00695970695970696
"969","mysteriesÂ",19,0.00695970695970696
"970","sourc",19,0.00695970695970696
"971","knowÂ",19,0.00695970695970696
"972","hole",19,0.00695970695970696
"973","blackberri",19,0.00695970695970696
"974","tea",19,0.00695970695970696
"975","target",19,0.00695970695970696
"976","girl",19,0.00695970695970696
"977","inscript",19,0.00695970695970696
"978","parrish",19,0.00695970695970696
"979","appreci",18,0.00659340659340659
"980","organ",18,0.00659340659340659
"981","bear",18,0.00659340659340659
"982","vault",18,0.00659340659340659
"983","declar",18,0.00659340659340659
"984","construct",18,0.00659340659340659
"985","note",18,0.00659340659340659
"986","excit",18,0.00659340659340659
"987","blond",18,0.00659340659340659
"988","half",18,0.00659340659340659
"989","admir",18,0.00659340659340659
"990","mirror",18,0.00659340659340659
"991","patient",18,0.00659340659340659
"992","kitchen",18,0.00659340659340659
"993","dream",18,0.00659340659340659
"994","statu",18,0.00659340659340659
"995","doubl",18,0.00659340659340659
"996","storag",18,0.00659340659340659
"997","kid",18,0.00659340659340659
"998","rang",18,0.00659340659340659
"999","bizarr",18,0.00659340659340659
"1000","respons",18,0.00659340659340659
